bp	annual_hunting_mortality
5200	0.025000
5199	0.025000
5198	0.025000
5197	0.025000
5196	0.025000
5195	0.025000
5194	0.025000
5193	0.025000
5192	0.025000
5191	0.025000
5190	0.025000
5189	0.025000
5188	0.025000
5187	0.025000
5186	0.025000
5185	0.025000
5184	0.025000
5183	0.025000
5182	0.025000
5181	0.025000
5180	0.025000
5179	0.025000
5178	0.025000
5177	0.025000
5176	0.025000
5175	0.025000
5174	0.025000
5173	0.025000
5172	0.025000
5171	0.025000
5170	0.025000
5169	0.025000
5168	0.025000
5167	0.025000
5166	0.025000
5165	0.025000
5164	0.025000
5163	0.025000
5162	0.025000
5161	0.025000
5160	0.025000
5159	0.025000
5158	0.025000
5157	0.025000
5156	0.025000
5155	0.025000
5154	0.025000
5153	0.025000
5152	0.025000
5151	0.025000
5150	0.025000
5149	0.025000
5148	0.025000
5147	0.025000
5146	0.025000
5145	0.025000
5144	0.025000
5143	0.025000
5142	0.025000
5141	0.025000
5140	0.025000
5139	0.025000
5138	0.025000
5137	0.025000
5136	0.025000
5135	0.025000
5134	0.025000
5133	0.025000
5132	0.025000
5131	0.025000
5130	0.025000
5129	0.025000
5128	0.025000
5127	0.025000
5126	0.025000
5125	0.025000
5124	0.025000
5123	0.025000
5122	0.025000
5121	0.025000
5120	0.025000
5119	0.025000
5118	0.025000
5117	0.025000
5116	0.025000
5115	0.025000
5114	0.025000
5113	0.025000
5112	0.025000
5111	0.025000
5110	0.025000
5109	0.025000
5108	0.025000
5107	0.025000
5106	0.025000
5105	0.025000
5104	0.025000
5103	0.025000
5102	0.025000
5101	0.025000
5100	0.025000
5099	0.025000
5098	0.025000
5097	0.025000
5096	0.025000
5095	0.025000
5094	0.025000
5093	0.025000
5092	0.025000
5091	0.025000
5090	0.025000
5089	0.025000
5088	0.025000
5087	0.025000
5086	0.025000
5085	0.025000
5084	0.025000
5083	0.025000
5082	0.025000
5081	0.025000
5080	0.025000
5079	0.025000
5078	0.025000
5077	0.025000
5076	0.025000
5075	0.025000
5074	0.025000
5073	0.025000
5072	0.025000
5071	0.025000
5070	0.025000
5069	0.025000
5068	0.025000
5067	0.025000
5066	0.025000
5065	0.025000
5064	0.025000
5063	0.025000
5062	0.025000
5061	0.025000
5060	0.025000
5059	0.025000
5058	0.025000
5057	0.025000
5056	0.025000
5055	0.025000
5054	0.025000
5053	0.025000
5052	0.025000
5051	0.025000
5050	0.025000
5049	0.025000
5048	0.025000
5047	0.025000
5046	0.025000
5045	0.025000
5044	0.025000
5043	0.025000
5042	0.025000
5041	0.025000
5040	0.025000
5039	0.025000
5038	0.025000
5037	0.025000
5036	0.025000
5035	0.025000
5034	0.025000
5033	0.025000
5032	0.025000
5031	0.025000
5030	0.025000
5029	0.025000
5028	0.025000
5027	0.025000
5026	0.025000
5025	0.025000
5024	0.025000
5023	0.025000
5022	0.025000
5021	0.025000
5020	0.025000
5019	0.025000
5018	0.025000
5017	0.025000
5016	0.025000
5015	0.025000
5014	0.025000
5013	0.025000
5012	0.025000
5011	0.025000
5010	0.025000
5009	0.025000
5008	0.025000
5007	0.025000
5006	0.025000
5005	0.025000
5004	0.025000
5003	0.025000
5002	0.025000
5001	0.025000
5000	0.025000
4999	0.025000
4998	0.025000
4997	0.025000
4996	0.025000
4995	0.025000
4994	0.025000
4993	0.025000
4992	0.025000
4991	0.025000
4990	0.025000
4989	0.025000
4988	0.025000
4987	0.025000
4986	0.025000
4985	0.025000
4984	0.025000
4983	0.025000
4982	0.025000
4981	0.025000
4980	0.025000
4979	0.025000
4978	0.025000
4977	0.025000
4976	0.025000
4975	0.025000
4974	0.025000
4973	0.025000
4972	0.025000
4971	0.025000
4970	0.025000
4969	0.025000
4968	0.025000
4967	0.025000
4966	0.025000
4965	0.025000
4964	0.025000
4963	0.025000
4962	0.025000
4961	0.025000
4960	0.025000
4959	0.025000
4958	0.025000
4957	0.025000
4956	0.025000
4955	0.025000
4954	0.025000
4953	0.025000
4952	0.025000
4951	0.025000
4950	0.025000
4949	0.025000
4948	0.025000
4947	0.025000
4946	0.025000
4945	0.025000
4944	0.025000
4943	0.025000
4942	0.025000
4941	0.025000
4940	0.025000
4939	0.025000
4938	0.025000
4937	0.025000
4936	0.025000
4935	0.025000
4934	0.025000
4933	0.025000
4932	0.025000
4931	0.025000
4930	0.025000
4929	0.025000
4928	0.025000
4927	0.025000
4926	0.025000
4925	0.025000
4924	0.025000
4923	0.025000
4922	0.025000
4921	0.025000
4920	0.025000
4919	0.025000
4918	0.025000
4917	0.025000
4916	0.025000
4915	0.025000
4914	0.025000
4913	0.025000
4912	0.025000
4911	0.025000
4910	0.025000
4909	0.025000
4908	0.025000
4907	0.025000
4906	0.025000
4905	0.025000
4904	0.025000
4903	0.025000
4902	0.025000
4901	0.025000
4900	0.025000
4899	0.025000
4898	0.025000
4897	0.025000
4896	0.025000
4895	0.025000
4894	0.025000
4893	0.025000
4892	0.025000
4891	0.025000
4890	0.025000
4889	0.025000
4888	0.025000
4887	0.025000
4886	0.025000
4885	0.025000
4884	0.025000
4883	0.025000
4882	0.025000
4881	0.025000
4880	0.025000
4879	0.025000
4878	0.025000
4877	0.025000
4876	0.025000
4875	0.025000
4874	0.025000
4873	0.025000
4872	0.025000
4871	0.025000
4870	0.025000
4869	0.025000
4868	0.025000
4867	0.025000
4866	0.025000
4865	0.025000
4864	0.025000
4863	0.025000
4862	0.025000
4861	0.025000
4860	0.025000
4859	0.025000
4858	0.025000
4857	0.025000
4856	0.025000
4855	0.025000
4854	0.025000
4853	0.025000
4852	0.025000
4851	0.025000
4850	0.025000
4849	0.025000
4848	0.025000
4847	0.025000
4846	0.025000
4845	0.025000
4844	0.025000
4843	0.025000
4842	0.025000
4841	0.025000
4840	0.025000
4839	0.025000
4838	0.025000
4837	0.025000
4836	0.025000
4835	0.025000
4834	0.025000
4833	0.025000
4832	0.025000
4831	0.025000
4830	0.025000
4829	0.025000
4828	0.025000
4827	0.025000
4826	0.025000
4825	0.025000
4824	0.025000
4823	0.025000
4822	0.025000
4821	0.025000
4820	0.025000
4819	0.025000
4818	0.025000
4817	0.025000
4816	0.025000
4815	0.025000
4814	0.025000
4813	0.025000
4812	0.025000
4811	0.025000
4810	0.025000
4809	0.025000
4808	0.025000
4807	0.025000
4806	0.025000
4805	0.025000
4804	0.025000
4803	0.025000
4802	0.025000
4801	0.025000
4800	0.025000
4799	0.025000
4798	0.025000
4797	0.025000
4796	0.025000
4795	0.025000
4794	0.025000
4793	0.025000
4792	0.025000
4791	0.025000
4790	0.025000
4789	0.025000
4788	0.025000
4787	0.025000
4786	0.025000
4785	0.025000
4784	0.025000
4783	0.025000
4782	0.025000
4781	0.025000
4780	0.025000
4779	0.025000
4778	0.025000
4777	0.025000
4776	0.025000
4775	0.025000
4774	0.025000
4773	0.025000
4772	0.025000
4771	0.025000
4770	0.025000
4769	0.025000
4768	0.025000
4767	0.025000
4766	0.025000
4765	0.025000
4764	0.025000
4763	0.025000
4762	0.025000
4761	0.025000
4760	0.025000
4759	0.025000
4758	0.025000
4757	0.025000
4756	0.025000
4755	0.025000
4754	0.025000
4753	0.025000
4752	0.025000
4751	0.025000
4750	0.025000
4749	0.025000
4748	0.025000
4747	0.025000
4746	0.025000
4745	0.025000
4744	0.025000
4743	0.025000
4742	0.025000
4741	0.025000
4740	0.025000
4739	0.025000
4738	0.025000
4737	0.025000
4736	0.025000
4735	0.025000
4734	0.025000
4733	0.025000
4732	0.025000
4731	0.025000
4730	0.025000
4729	0.025000
4728	0.025000
4727	0.025000
4726	0.025000
4725	0.025000
4724	0.025000
4723	0.025000
4722	0.025000
4721	0.025000
4720	0.025000
4719	0.025000
4718	0.025000
4717	0.025000
4716	0.025000
4715	0.025000
4714	0.025000
4713	0.025000
4712	0.025000
4711	0.025000
4710	0.025000
4709	0.025000
4708	0.025000
4707	0.025000
4706	0.025000
4705	0.025000
4704	0.025000
4703	0.025000
4702	0.025000
4701	0.025000
4700	0.025000
4699	0.025000
4698	0.025000
4697	0.025000
4696	0.025000
4695	0.025000
4694	0.025000
4693	0.025000
4692	0.025000
4691	0.025000
4690	0.025000
4689	0.025000
4688	0.025000
4687	0.025000
4686	0.025000
4685	0.025000
4684	0.025000
4683	0.025000
4682	0.025000
4681	0.025000
4680	0.025000
4679	0.025000
4678	0.025000
4677	0.025000
4676	0.025000
4675	0.025000
4674	0.025000
4673	0.025000
4672	0.025000
4671	0.025000
4670	0.025000
4669	0.025000
4668	0.025000
4667	0.025000
4666	0.025000
4665	0.025000
4664	0.025000
4663	0.025000
4662	0.025000
4661	0.025000
4660	0.025000
4659	0.025000
4658	0.025000
4657	0.025000
4656	0.025000
4655	0.025000
4654	0.025000
4653	0.025000
4652	0.025000
4651	0.025000
4650	0.025000
4649	0.025000
4648	0.025000
4647	0.025000
4646	0.025000
4645	0.025000
4644	0.025000
4643	0.025000
4642	0.025000
4641	0.025000
4640	0.025000
4639	0.025000
4638	0.025000
4637	0.025000
4636	0.025000
4635	0.025000
4634	0.025000
4633	0.025000
4632	0.025000
4631	0.025000
4630	0.025000
4629	0.025000
4628	0.025000
4627	0.025000
4626	0.025000
4625	0.025000
4624	0.025000
4623	0.025000
4622	0.025000
4621	0.025000
4620	0.025000
4619	0.025000
4618	0.025000
4617	0.025000
4616	0.025000
4615	0.025000
4614	0.025000
4613	0.025000
4612	0.025000
4611	0.025000
4610	0.025000
4609	0.025000
4608	0.025000
4607	0.025000
4606	0.025000
4605	0.025000
4604	0.025000
4603	0.025000
4602	0.025000
4601	0.025000
4600	0.025000
4599	0.025000
4598	0.025000
4597	0.025000
4596	0.025000
4595	0.025000
4594	0.025000
4593	0.025000
4592	0.025000
4591	0.025000
4590	0.025000
4589	0.025000
4588	0.025000
4587	0.025000
4586	0.025000
4585	0.025000
4584	0.025000
4583	0.025000
4582	0.025000
4581	0.025000
4580	0.025000
4579	0.025000
4578	0.025000
4577	0.025000
4576	0.025000
4575	0.025000
4574	0.025000
4573	0.025000
4572	0.025000
4571	0.025000
4570	0.025000
4569	0.025000
4568	0.025000
4567	0.025000
4566	0.025000
4565	0.025000
4564	0.025000
4563	0.025000
4562	0.025000
4561	0.025000
4560	0.025000
4559	0.025000
4558	0.025000
4557	0.025000
4556	0.025000
4555	0.025000
4554	0.025000
4553	0.025000
4552	0.025000
4551	0.025000
4550	0.025000
4549	0.025000
4548	0.025000
4547	0.025000
4546	0.025000
4545	0.025000
4544	0.025000
4543	0.025000
4542	0.025000
4541	0.025000
4540	0.025000
4539	0.025000
4538	0.025000
4537	0.025000
4536	0.025000
4535	0.025000
4534	0.025000
4533	0.025000
4532	0.025000
4531	0.025000
4530	0.025000
4529	0.025000
4528	0.025000
4527	0.025000
4526	0.025000
4525	0.025000
4524	0.025000
4523	0.025000
4522	0.025000
4521	0.025000
4520	0.025000
4519	0.025000
4518	0.025000
4517	0.025000
4516	0.025000
4515	0.025000
4514	0.025000
4513	0.025000
4512	0.025000
4511	0.025000
4510	0.025000
4509	0.025000
4508	0.025000
4507	0.025000
4506	0.025000
4505	0.025000
4504	0.025000
4503	0.025000
4502	0.025000
4501	0.025000
4500	0.025000
4499	0.025000
4498	0.025000
4497	0.025000
4496	0.025000
4495	0.025000
4494	0.025000
4493	0.025000
4492	0.025000
4491	0.025000
4490	0.025000
4489	0.025000
4488	0.025000
4487	0.025000
4486	0.025000
4485	0.025000
4484	0.025000
4483	0.025000
4482	0.025000
4481	0.025000
4480	0.025000
4479	0.025000
4478	0.025000
4477	0.025000
4476	0.025000
4475	0.025000
4474	0.025000
4473	0.025000
4472	0.025000
4471	0.025000
4470	0.025000
4469	0.025000
4468	0.025000
4467	0.025000
4466	0.025000
4465	0.025000
4464	0.025000
4463	0.025000
4462	0.025000
4461	0.025000
4460	0.025000
4459	0.025000
4458	0.025000
4457	0.025000
4456	0.025000
4455	0.025000
4454	0.025000
4453	0.025000
4452	0.025000
4451	0.025000
4450	0.025000
4449	0.025000
4448	0.025000
4447	0.025000
4446	0.025000
4445	0.025000
4444	0.025000
4443	0.025000
4442	0.025000
4441	0.025000
4440	0.025000
4439	0.025000
4438	0.025000
4437	0.025000
4436	0.025000
4435	0.025000
4434	0.025000
4433	0.025000
4432	0.025000
4431	0.025000
4430	0.025000
4429	0.025000
4428	0.025000
4427	0.025000
4426	0.025000
4425	0.025000
4424	0.025000
4423	0.025000
4422	0.025000
4421	0.025000
4420	0.025000
4419	0.025000
4418	0.025000
4417	0.025000
4416	0.025000
4415	0.025000
4414	0.025000
4413	0.025000
4412	0.025000
4411	0.025000
4410	0.025000
4409	0.025000
4408	0.025000
4407	0.025000
4406	0.025000
4405	0.025000
4404	0.025000
4403	0.025000
4402	0.025000
4401	0.025000
4400	0.025000
4399	0.025000
4398	0.025000
4397	0.025000
4396	0.025000
4395	0.025000
4394	0.025000
4393	0.025000
4392	0.025000
4391	0.025000
4390	0.025000
4389	0.025000
4388	0.025000
4387	0.025000
4386	0.025000
4385	0.025000
4384	0.025000
4383	0.025000
4382	0.025000
4381	0.025000
4380	0.025000
4379	0.025000
4378	0.025000
4377	0.025000
4376	0.025000
4375	0.025000
4374	0.025000
4373	0.025000
4372	0.025000
4371	0.025000
4370	0.025000
4369	0.025000
4368	0.025000
4367	0.025000
4366	0.025000
4365	0.025000
4364	0.025000
4363	0.025000
4362	0.025000
4361	0.025000
4360	0.025000
4359	0.025000
4358	0.025000
4357	0.025000
4356	0.025000
4355	0.025000
4354	0.025000
4353	0.025000
4352	0.025000
4351	0.025000
4350	0.025000
4349	0.025000
4348	0.025000
4347	0.025000
4346	0.025000
4345	0.025000
4344	0.025000
4343	0.025000
4342	0.025000
4341	0.025000
4340	0.025000
4339	0.025000
4338	0.025000
4337	0.025000
4336	0.025000
4335	0.025000
4334	0.025000
4333	0.025000
4332	0.025000
4331	0.025000
4330	0.025000
4329	0.025000
4328	0.025000
4327	0.025000
4326	0.025000
4325	0.025000
4324	0.025000
4323	0.025000
4322	0.025000
4321	0.025000
4320	0.025000
4319	0.025000
4318	0.025000
4317	0.025000
4316	0.025000
4315	0.025000
4314	0.025000
4313	0.025000
4312	0.025000
4311	0.025000
4310	0.025000
4309	0.025000
4308	0.025000
4307	0.025000
4306	0.025000
4305	0.025000
4304	0.025000
4303	0.025000
4302	0.025000
4301	0.025000
4300	0.025000
4299	0.025000
4298	0.025000
4297	0.025000
4296	0.025000
4295	0.025000
4294	0.025000
4293	0.025000
4292	0.025000
4291	0.025000
4290	0.025000
4289	0.025000
4288	0.025000
4287	0.025000
4286	0.025000
4285	0.025000
4284	0.025000
4283	0.025000
4282	0.025000
4281	0.025000
4280	0.025000
4279	0.025000
4278	0.025000
4277	0.025000
4276	0.025000
4275	0.025000
4274	0.025000
4273	0.025000
4272	0.025000
4271	0.025000
4270	0.025000
4269	0.025000
4268	0.025000
4267	0.025000
4266	0.025000
4265	0.025000
4264	0.025000
4263	0.025000
4262	0.025000
4261	0.025000
4260	0.025000
4259	0.025000
4258	0.025000
4257	0.025000
4256	0.025000
4255	0.025000
4254	0.025000
4253	0.025000
4252	0.025000
4251	0.025000
4250	0.025000
4249	0.025000
4248	0.025000
4247	0.025000
4246	0.025000
4245	0.025000
4244	0.025000
4243	0.025000
4242	0.025000
4241	0.025000
4240	0.025000
4239	0.025000
4238	0.025000
4237	0.025000
4236	0.025000
4235	0.025000
4234	0.025000
4233	0.025000
4232	0.025000
4231	0.025000
4230	0.025000
4229	0.025000
4228	0.025000
4227	0.025000
4226	0.025000
4225	0.025000
4224	0.025000
4223	0.025000
4222	0.025000
4221	0.025000
4220	0.025000
4219	0.025000
4218	0.025000
4217	0.025000
4216	0.025000
4215	0.025000
4214	0.025000
4213	0.025000
4212	0.025000
4211	0.025000
4210	0.025000
4209	0.025000
4208	0.025000
4207	0.025000
4206	0.025000
4205	0.025000
4204	0.025000
4203	0.025000
4202	0.025000
4201	0.025000
4200	0.025000
4199	0.025000
4198	0.025000
4197	0.025000
4196	0.025000
4195	0.025000
4194	0.025000
4193	0.025000
4192	0.025000
4191	0.025000
4190	0.025000
4189	0.025000
4188	0.025000
4187	0.025000
4186	0.025000
4185	0.025000
4184	0.025000
4183	0.025000
4182	0.025000
4181	0.025000
4180	0.025000
4179	0.025000
4178	0.025000
4177	0.025000
4176	0.025000
4175	0.025000
4174	0.025000
4173	0.025000
4172	0.025000
4171	0.025000
4170	0.025000
4169	0.025000
4168	0.025000
4167	0.025000
4166	0.025000
4165	0.025000
4164	0.025000
4163	0.025000
4162	0.025000
4161	0.025000
4160	0.025000
4159	0.025000
4158	0.025000
4157	0.025000
4156	0.025000
4155	0.025000
4154	0.025000
4153	0.025000
4152	0.025000
4151	0.025000
4150	0.025000
4149	0.025000
4148	0.025000
4147	0.025000
4146	0.025000
4145	0.025000
4144	0.025000
4143	0.025000
4142	0.025000
4141	0.025000
4140	0.025000
4139	0.025000
4138	0.025000
4137	0.025000
4136	0.025000
4135	0.025000
4134	0.025000
4133	0.025000
4132	0.025000
4131	0.025000
4130	0.025000
4129	0.025000
4128	0.025000
4127	0.025000
4126	0.025000
4125	0.025000
4124	0.025000
4123	0.025000
4122	0.025000
4121	0.025000
4120	0.025000
4119	0.025000
4118	0.025000
4117	0.025000
4116	0.025000
4115	0.025000
4114	0.025000
4113	0.025000
4112	0.025000
4111	0.025000
4110	0.025000
4109	0.025000
4108	0.025000
4107	0.025000
4106	0.025000
4105	0.025000
4104	0.025000
4103	0.025000
4102	0.025000
4101	0.025000
4100	0.025000
4099	0.025000
4098	0.025000
4097	0.025000
4096	0.025000
4095	0.025000
4094	0.025000
4093	0.025000
4092	0.025000
4091	0.025000
4090	0.025000
4089	0.025000
4088	0.025000
4087	0.025000
4086	0.025000
4085	0.025000
4084	0.025000
4083	0.025000
4082	0.025000
4081	0.025000
4080	0.025000
4079	0.025000
4078	0.025000
4077	0.025000
4076	0.025000
4075	0.025000
4074	0.025000
4073	0.025000
4072	0.025000
4071	0.025000
4070	0.025000
4069	0.025000
4068	0.025000
4067	0.025000
4066	0.025000
4065	0.025000
4064	0.025000
4063	0.025000
4062	0.025000
4061	0.025000
4060	0.025000
4059	0.025000
4058	0.025000
4057	0.025000
4056	0.025000
4055	0.025000
4054	0.025000
4053	0.025000
4052	0.025000
4051	0.025000
4050	0.025000
4049	0.025000
4048	0.025000
4047	0.025000
4046	0.025000
4045	0.025000
4044	0.025000
4043	0.025000
4042	0.025000
4041	0.025000
4040	0.025000
4039	0.025000
4038	0.025000
4037	0.025000
4036	0.025000
4035	0.025000
4034	0.025000
4033	0.025000
4032	0.025000
4031	0.025000
4030	0.025000
4029	0.025000
4028	0.025000
4027	0.025000
4026	0.025000
4025	0.025000
4024	0.025000
4023	0.025000
4022	0.025000
4021	0.025000
4020	0.025000
4019	0.025000
4018	0.025000
4017	0.025000
4016	0.025000
4015	0.025000
4014	0.025000
4013	0.025000
4012	0.025000
4011	0.025000
4010	0.025000
4009	0.025000
4008	0.025000
4007	0.025000
4006	0.025000
4005	0.025000
4004	0.025000
4003	0.025000
4002	0.025000
4001	0.025000
4000	0.025000
3999	0.023454
3998	0.023454
3997	0.023454
3996	0.023454
3995	0.023454
3994	0.023454
3993	0.023454
3992	0.023454
3991	0.023454
3990	0.023454
3989	0.023454
3988	0.023454
3987	0.023454
3986	0.023454
3985	0.023454
3984	0.023454
3983	0.023454
3982	0.023454
3981	0.023454
3980	0.023454
3979	0.023454
3978	0.023454
3977	0.023454
3976	0.023454
3975	0.023454
3974	0.023454
3973	0.023454
3972	0.023454
3971	0.023454
3970	0.023454
3969	0.023454
3968	0.023454
3967	0.023454
3966	0.023454
3965	0.023454
3964	0.023454
3963	0.023454
3962	0.023454
3961	0.023454
3960	0.023454
3959	0.023454
3958	0.023454
3957	0.023454
3956	0.023454
3955	0.023454
3954	0.023454
3953	0.023454
3952	0.023454
3951	0.023454
3950	0.023454
3949	0.023454
3948	0.023454
3947	0.023454
3946	0.023454
3945	0.023454
3944	0.023454
3943	0.023454
3942	0.023454
3941	0.023454
3940	0.023454
3939	0.023454
3938	0.023454
3937	0.023454
3936	0.023454
3935	0.023454
3934	0.023454
3933	0.023454
3932	0.023454
3931	0.023454
3930	0.023454
3929	0.023454
3928	0.023454
3927	0.023454
3926	0.023454
3925	0.023454
3924	0.023454
3923	0.023454
3922	0.023454
3921	0.023454
3920	0.023454
3919	0.023454
3918	0.023454
3917	0.023454
3916	0.023454
3915	0.023454
3914	0.023454
3913	0.023454
3912	0.023454
3911	0.023454
3910	0.023454
3909	0.023454
3908	0.023454
3907	0.023454
3906	0.023454
3905	0.023454
3904	0.023454
3903	0.023454
3902	0.023454
3901	0.023454
3900	0.023454
3899	0.023454
3898	0.023454
3897	0.023454
3896	0.023454
3895	0.023454
3894	0.023454
3893	0.023454
3892	0.023454
3891	0.023454
3890	0.023454
3889	0.023454
3888	0.023454
3887	0.023454
3886	0.023454
3885	0.023454
3884	0.023454
3883	0.023454
3882	0.023454
3881	0.023454
3880	0.023454
3879	0.023454
3878	0.023454
3877	0.023454
3876	0.023454
3875	0.023454
3874	0.023454
3873	0.023454
3872	0.023454
3871	0.023454
3870	0.023454
3869	0.023454
3868	0.023454
3867	0.023454
3866	0.023454
3865	0.023454
3864	0.023454
3863	0.023454
3862	0.023454
3861	0.023454
3860	0.023454
3859	0.023454
3858	0.023454
3857	0.023454
3856	0.023454
3855	0.023454
3854	0.023454
3853	0.023454
3852	0.023454
3851	0.023454
3850	0.023454
3849	0.023454
3848	0.023454
3847	0.023454
3846	0.023454
3845	0.023454
3844	0.023454
3843	0.023454
3842	0.023454
3841	0.023454
3840	0.023454
3839	0.023454
3838	0.023454
3837	0.023454
3836	0.023454
3835	0.023454
3834	0.023454
3833	0.023454
3832	0.023454
3831	0.023454
3830	0.023454
3829	0.023454
3828	0.023454
3827	0.023454
3826	0.023454
3825	0.023454
3824	0.023454
3823	0.023454
3822	0.023454
3821	0.023454
3820	0.023454
3819	0.023454
3818	0.023454
3817	0.023454
3816	0.023454
3815	0.023454
3814	0.023454
3813	0.023454
3812	0.023454
3811	0.023454
3810	0.023454
3809	0.023454
3808	0.023454
3807	0.023454
3806	0.023454
3805	0.023454
3804	0.023454
3803	0.023454
3802	0.023454
3801	0.023454
3800	0.023454
3799	0.023454
3798	0.023454
3797	0.023454
3796	0.023454
3795	0.023454
3794	0.023454
3793	0.023454
3792	0.023454
3791	0.023454
3790	0.023454
3789	0.023454
3788	0.023454
3787	0.023454
3786	0.023454
3785	0.023454
3784	0.023454
3783	0.023454
3782	0.023454
3781	0.023454
3780	0.023454
3779	0.023454
3778	0.023454
3777	0.023454
3776	0.023454
3775	0.023454
3774	0.023454
3773	0.023454
3772	0.023454
3771	0.023454
3770	0.023454
3769	0.023454
3768	0.023454
3767	0.023454
3766	0.023454
3765	0.023454
3764	0.023454
3763	0.023454
3762	0.023454
3761	0.023454
3760	0.023454
3759	0.023454
3758	0.023454
3757	0.023454
3756	0.023454
3755	0.023454
3754	0.023454
3753	0.023454
3752	0.023454
3751	0.023454
3750	0.023454
3749	0.023454
3748	0.023454
3747	0.023454
3746	0.023454
3745	0.023454
3744	0.023454
3743	0.023454
3742	0.023454
3741	0.023454
3740	0.023454
3739	0.023454
3738	0.023454
3737	0.023454
3736	0.023454
3735	0.023454
3734	0.023454
3733	0.023454
3732	0.023454
3731	0.023454
3730	0.023454
3729	0.023454
3728	0.023454
3727	0.023454
3726	0.023454
3725	0.023454
3724	0.023454
3723	0.023454
3722	0.023454
3721	0.023454
3720	0.023454
3719	0.023454
3718	0.023454
3717	0.023454
3716	0.023454
3715	0.023454
3714	0.023454
3713	0.023454
3712	0.023454
3711	0.023454
3710	0.023454
3709	0.023454
3708	0.023454
3707	0.023454
3706	0.023454
3705	0.023454
3704	0.023454
3703	0.023454
3702	0.023454
3701	0.023454
3700	0.023454
3699	0.023454
3698	0.023454
3697	0.023454
3696	0.023454
3695	0.023454
3694	0.023454
3693	0.023454
3692	0.023454
3691	0.023454
3690	0.023454
3689	0.023454
3688	0.023454
3687	0.023454
3686	0.023454
3685	0.023454
3684	0.023454
3683	0.023454
3682	0.023454
3681	0.023454
3680	0.023454
3679	0.023454
3678	0.023454
3677	0.023454
3676	0.023454
3675	0.023454
3674	0.023454
3673	0.023454
3672	0.023454
3671	0.023454
3670	0.023454
3669	0.023454
3668	0.023454
3667	0.023454
3666	0.023454
3665	0.023454
3664	0.023454
3663	0.023454
3662	0.023454
3661	0.023454
3660	0.023454
3659	0.023454
3658	0.023454
3657	0.023454
3656	0.023454
3655	0.023454
3654	0.023454
3653	0.023454
3652	0.023454
3651	0.023454
3650	0.023454
3649	0.023454
3648	0.023454
3647	0.023454
3646	0.023454
3645	0.023454
3644	0.023454
3643	0.023454
3642	0.023454
3641	0.023454
3640	0.023454
3639	0.023454
3638	0.023454
3637	0.023454
3636	0.023454
3635	0.023454
3634	0.023454
3633	0.023454
3632	0.023454
3631	0.023454
3630	0.023454
3629	0.023454
3628	0.023454
3627	0.023454
3626	0.023454
3625	0.023454
3624	0.023454
3623	0.023454
3622	0.023454
3621	0.023454
3620	0.023454
3619	0.023454
3618	0.023454
3617	0.023454
3616	0.023454
3615	0.023454
3614	0.023454
3613	0.023454
3612	0.023454
3611	0.023454
3610	0.023454
3609	0.023454
3608	0.023454
3607	0.023454
3606	0.023454
3605	0.023454
3604	0.023454
3603	0.023454
3602	0.023454
3601	0.023454
3600	0.023454
3599	0.023360
3598	0.023265
3597	0.023171
3596	0.023077
3595	0.022982
3594	0.022888
3593	0.022793
3592	0.022699
3591	0.022605
3590	0.022510
3589	0.022416
3588	0.022321
3587	0.022227
3586	0.022132
3585	0.022038
3584	0.021944
3583	0.021849
3582	0.021755
3581	0.021660
3580	0.021566
3579	0.021471
3578	0.021377
3577	0.021283
3576	0.021188
3575	0.021094
3574	0.020999
3573	0.020905
3572	0.020810
3571	0.020716
3570	0.020622
3569	0.020527
3568	0.020433
3567	0.020338
3566	0.020244
3565	0.020150
3564	0.020055
3563	0.019961
3562	0.019866
3561	0.019772
3560	0.019677
3559	0.019583
3558	0.019489
3557	0.019394
3556	0.019300
3555	0.019205
3554	0.019111
3553	0.019016
3552	0.018922
3551	0.018828
3550	0.018733
3549	0.018639
3548	0.018544
3547	0.018450
3546	0.018356
3545	0.018261
3544	0.018167
3543	0.018072
3542	0.017978
3541	0.017883
3540	0.017789
3539	0.017695
3538	0.017600
3537	0.017506
3536	0.017411
3535	0.017317
3534	0.017222
3533	0.017128
3532	0.017034
3531	0.016939
3530	0.016845
3529	0.016750
3528	0.016656
3527	0.016561
3526	0.016467
3525	0.016373
3524	0.016278
3523	0.016184
3522	0.016089
3521	0.015995
3520	0.015901
3519	0.015806
3518	0.015712
3517	0.015617
3516	0.015523
3515	0.015428
3514	0.015334
3513	0.015240
3512	0.015145
3511	0.015051
3510	0.014956
3509	0.014862
3508	0.014767
3507	0.014673
3506	0.014579
3505	0.014484
3504	0.014390
3503	0.014295
3502	0.014201
3501	0.014107
3500	0.014012
3499	0.013918
3498	0.013823
3497	0.013729
3496	0.013634
3495	0.013540
3494	0.013446
3493	0.013351
3492	0.013257
3491	0.013162
3490	0.013068
3489	0.012973
3488	0.012879
3487	0.012785
3486	0.012690
3485	0.012596
3484	0.012501
3483	0.012407
3482	0.012313
3481	0.012218
3480	0.012124
3479	0.012029
3478	0.011935
3477	0.011840
3476	0.011746
3475	0.011652
3474	0.011557
3473	0.011463
3472	0.011368
3471	0.011274
3470	0.011179
3469	0.011085
3468	0.010991
3467	0.010896
3466	0.010802
3465	0.010707
3464	0.010613
3463	0.010518
3462	0.010424
3461	0.010330
3460	0.010235
3459	0.010141
3458	0.010046
3457	0.009952
3456	0.009858
3455	0.009763
3454	0.009669
3453	0.009574
3452	0.009480
3451	0.009385
3450	0.009291
3449	0.009197
3448	0.009102
3447	0.009008
3446	0.008913
3445	0.008819
3444	0.008724
3443	0.008630
3442	0.008536
3441	0.008441
3440	0.008347
3439	0.008252
3438	0.008158
3437	0.008064
3436	0.007969
3435	0.007875
3434	0.007780
3433	0.007686
3432	0.007591
3431	0.007497
3430	0.007403
3429	0.007308
3428	0.007214
3427	0.007119
3426	0.007025
3425	0.006930
3424	0.006836
3423	0.006742
3422	0.006647
3421	0.006553
3420	0.006458
3419	0.006364
3418	0.006269
3417	0.006175
3416	0.006081
3415	0.005986
3414	0.005892
3413	0.005797
3412	0.005703
3411	0.005609
3410	0.005514
3409	0.005420
3408	0.005325
3407	0.005231
3406	0.005136
3405	0.005042
3404	0.004948
3403	0.004853
3402	0.004759
3401	0.004664
3400	0.004570
3399	0.004570
3398	0.004570
3397	0.004570
3396	0.004570
3395	0.004570
3394	0.004570
3393	0.004570
3392	0.004570
3391	0.004570
3390	0.004570
3389	0.004570
3388	0.004570
3387	0.004570
3386	0.004570
3385	0.004570
3384	0.004570
3383	0.004570
3382	0.004570
3381	0.004570
3380	0.004570
3379	0.004570
3378	0.004570
3377	0.004570
3376	0.004570
3375	0.004570
3374	0.004570
3373	0.004570
3372	0.004570
3371	0.004570
3370	0.004570
3369	0.004570
3368	0.004570
3367	0.004570
3366	0.004570
3365	0.004570
3364	0.004570
3363	0.004570
3362	0.004570
3361	0.004570
3360	0.004570
3359	0.004570
3358	0.004570
3357	0.004570
3356	0.004570
3355	0.004570
3354	0.004570
3353	0.004570
3352	0.004570
3351	0.004570
3350	0.004570
3349	0.004570
3348	0.004570
3347	0.004570
3346	0.004570
3345	0.004570
3344	0.004570
3343	0.004570
3342	0.004570
3341	0.004570
3340	0.004570
3339	0.004570
3338	0.004570
3337	0.004570
3336	0.004570
3335	0.004570
3334	0.004570
3333	0.004570
3332	0.004570
3331	0.004570
3330	0.004570
3329	0.004570
3328	0.004570
3327	0.004570
3326	0.004570
3325	0.004570
3324	0.004570
3323	0.004570
3322	0.004570
3321	0.004570
3320	0.004570
3319	0.004570
3318	0.004570
3317	0.004570
3316	0.004570
3315	0.004570
3314	0.004570
3313	0.004570
3312	0.004570
3311	0.004570
3310	0.004570
3309	0.004570
3308	0.004570
3307	0.004570
3306	0.004570
3305	0.004570
3304	0.004570
3303	0.004570
3302	0.004570
3301	0.004570
3300	0.004570
3299	0.004570
3298	0.004570
3297	0.004570
3296	0.004570
3295	0.004570
3294	0.004570
3293	0.004570
3292	0.004570
3291	0.004570
3290	0.004570
3289	0.004570
3288	0.004570
3287	0.004570
3286	0.004570
3285	0.004570
3284	0.004570
3283	0.004570
3282	0.004570
3281	0.004570
3280	0.004570
3279	0.004570
3278	0.004570
3277	0.004570
3276	0.004570
3275	0.004570
3274	0.004570
3273	0.004570
3272	0.004570
3271	0.004570
3270	0.004570
3269	0.004570
3268	0.004570
3267	0.004570
3266	0.004570
3265	0.004570
3264	0.004570
3263	0.004570
3262	0.004570
3261	0.004570
3260	0.004570
3259	0.004570
3258	0.004570
3257	0.004570
3256	0.004570
3255	0.004570
3254	0.004570
3253	0.004570
3252	0.004570
3251	0.004570
3250	0.004570
3249	0.004570
3248	0.004570
3247	0.004570
3246	0.004570
3245	0.004570
3244	0.004570
3243	0.004570
3242	0.004570
3241	0.004570
3240	0.004570
3239	0.004570
3238	0.004570
3237	0.004570
3236	0.004570
3235	0.004570
3234	0.004570
3233	0.004570
3232	0.004570
3231	0.004570
3230	0.004570
3229	0.004570
3228	0.004570
3227	0.004570
3226	0.004570
3225	0.004570
3224	0.004570
3223	0.004570
3222	0.004570
3221	0.004570
3220	0.004570
3219	0.004570
3218	0.004570
3217	0.004570
3216	0.004570
3215	0.004570
3214	0.004570
3213	0.004570
3212	0.004570
3211	0.004570
3210	0.004570
3209	0.004570
3208	0.004570
3207	0.004570
3206	0.004570
3205	0.004570
3204	0.004570
3203	0.004570
3202	0.004570
3201	0.004570
3200	0.004570
3199	0.004570
3198	0.004570
3197	0.004570
3196	0.004570
3195	0.004570
3194	0.004570
3193	0.004570
3192	0.004570
3191	0.004570
3190	0.004570
3189	0.004570
3188	0.004570
3187	0.004570
3186	0.004570
3185	0.004570
3184	0.004570
3183	0.004570
3182	0.004570
3181	0.004570
3180	0.004570
3179	0.004570
3178	0.004570
3177	0.004570
3176	0.004570
3175	0.004570
3174	0.004570
3173	0.004570
3172	0.004570
3171	0.004570
3170	0.004570
3169	0.004570
3168	0.004570
3167	0.004570
3166	0.004570
3165	0.004570
3164	0.004570
3163	0.004570
3162	0.004570
3161	0.004570
3160	0.004570
3159	0.004570
3158	0.004570
3157	0.004570
3156	0.004570
3155	0.004570
3154	0.004570
3153	0.004570
3152	0.004570
3151	0.004570
3150	0.004570
3149	0.004570
3148	0.004570
3147	0.004570
3146	0.004570
3145	0.004570
3144	0.004570
3143	0.004570
3142	0.004570
3141	0.004570
3140	0.004570
3139	0.004570
3138	0.004570
3137	0.004570
3136	0.004570
3135	0.004570
3134	0.004570
3133	0.004570
3132	0.004570
3131	0.004570
3130	0.004570
3129	0.004570
3128	0.004570
3127	0.004570
3126	0.004570
3125	0.004570
3124	0.004570
3123	0.004570
3122	0.004570
3121	0.004570
3120	0.004570
3119	0.004570
3118	0.004570
3117	0.004570
3116	0.004570
3115	0.004570
3114	0.004570
3113	0.004570
3112	0.004570
3111	0.004570
3110	0.004570
3109	0.004570
3108	0.004570
3107	0.004570
3106	0.004570
3105	0.004570
3104	0.004570
3103	0.004570
3102	0.004570
3101	0.004570
3100	0.004570
3099	0.004570
3098	0.004570
3097	0.004570
3096	0.004570
3095	0.004570
3094	0.004570
3093	0.004570
3092	0.004570
3091	0.004570
3090	0.004570
3089	0.004570
3088	0.004570
3087	0.004570
3086	0.004570
3085	0.004570
3084	0.004570
3083	0.004570
3082	0.004570
3081	0.004570
3080	0.004570
3079	0.004570
3078	0.004570
3077	0.004570
3076	0.004570
3075	0.004570
3074	0.004570
3073	0.004570
3072	0.004570
3071	0.004570
3070	0.004570
3069	0.004570
3068	0.004570
3067	0.004570
3066	0.004570
3065	0.004570
3064	0.004570
3063	0.004570
3062	0.004570
3061	0.004570
3060	0.004570
3059	0.004570
3058	0.004570
3057	0.004570
3056	0.004570
3055	0.004570
3054	0.004570
3053	0.004570
3052	0.004570
3051	0.004570
3050	0.004570
3049	0.004570
3048	0.004570
3047	0.004570
3046	0.004570
3045	0.004570
3044	0.004570
3043	0.004570
3042	0.004570
3041	0.004570
3040	0.004570
3039	0.004570
3038	0.004570
3037	0.004570
3036	0.004570
3035	0.004570
3034	0.004570
3033	0.004570
3032	0.004570
3031	0.004570
3030	0.004570
3029	0.004570
3028	0.004570
3027	0.004570
3026	0.004570
3025	0.004570
3024	0.004570
3023	0.004570
3022	0.004570
3021	0.004570
3020	0.004570
3019	0.004570
3018	0.004570
3017	0.004570
3016	0.004570
3015	0.004570
3014	0.004570
3013	0.004570
3012	0.004570
3011	0.004570
3010	0.004570
3009	0.004570
3008	0.004570
3007	0.004570
3006	0.004570
3005	0.004570
3004	0.004570
3003	0.004570
3002	0.004570
3001	0.004570
3000	0.004570
2999	0.004570
2998	0.004570
2997	0.004570
2996	0.004570
2995	0.004570
2994	0.004570
2993	0.004570
2992	0.004570
2991	0.004570
2990	0.004570
2989	0.004570
2988	0.004570
2987	0.004570
2986	0.004570
2985	0.004570
2984	0.004570
2983	0.004570
2982	0.004570
2981	0.004570
2980	0.004570
2979	0.004570
2978	0.004570
2977	0.004570
2976	0.004570
2975	0.004570
2974	0.004570
2973	0.004570
2972	0.004570
2971	0.004570
2970	0.004570
2969	0.004570
2968	0.004570
2967	0.004570
2966	0.004570
2965	0.004570
2964	0.004570
2963	0.004570
2962	0.004570
2961	0.004570
2960	0.004570
2959	0.004570
2958	0.004570
2957	0.004570
2956	0.004570
2955	0.004570
2954	0.004570
2953	0.004570
2952	0.004570
2951	0.004570
2950	0.004570
2949	0.004570
2948	0.004570
2947	0.004570
2946	0.004570
2945	0.004570
2944	0.004570
2943	0.004570
2942	0.004570
2941	0.004570
2940	0.004570
2939	0.004570
2938	0.004570
2937	0.004570
2936	0.004570
2935	0.004570
2934	0.004570
2933	0.004570
2932	0.004570
2931	0.004570
2930	0.004570
2929	0.004570
2928	0.004570
2927	0.004570
2926	0.004570
2925	0.004570
2924	0.004570
2923	0.004570
2922	0.004570
2921	0.004570
2920	0.004570
2919	0.004570
2918	0.004570
2917	0.004570
2916	0.004570
2915	0.004570
2914	0.004570
2913	0.004570
2912	0.004570
2911	0.004570
2910	0.004570
2909	0.004570
2908	0.004570
2907	0.004570
2906	0.004570
2905	0.004570
2904	0.004570
2903	0.004570
2902	0.004570
2901	0.004570
2900	0.004570
2899	0.004570
2898	0.004570
2897	0.004570
2896	0.004570
2895	0.004570
2894	0.004570
2893	0.004570
2892	0.004570
2891	0.004570
2890	0.004570
2889	0.004570
2888	0.004570
2887	0.004570
2886	0.004570
2885	0.004570
2884	0.004570
2883	0.004570
2882	0.004570
2881	0.004570
2880	0.004570
2879	0.004570
2878	0.004570
2877	0.004570
2876	0.004570
2875	0.004570
2874	0.004570
2873	0.004570
2872	0.004570
2871	0.004570
2870	0.004570
2869	0.004570
2868	0.004570
2867	0.004570
2866	0.004570
2865	0.004570
2864	0.004570
2863	0.004570
2862	0.004570
2861	0.004570
2860	0.004570
2859	0.004570
2858	0.004570
2857	0.004570
2856	0.004570
2855	0.004570
2854	0.004570
2853	0.004570
2852	0.004570
2851	0.004570
2850	0.004570
2849	0.004570
2848	0.004570
2847	0.004570
2846	0.004570
2845	0.004570
2844	0.004570
2843	0.004570
2842	0.004570
2841	0.004570
2840	0.004570
2839	0.004570
2838	0.004570
2837	0.004570
2836	0.004570
2835	0.004570
2834	0.004570
2833	0.004570
2832	0.004570
2831	0.004570
2830	0.004570
2829	0.004570
2828	0.004570
2827	0.004570
2826	0.004570
2825	0.004570
2824	0.004570
2823	0.004570
2822	0.004570
2821	0.004570
2820	0.004570
2819	0.004570
2818	0.004570
2817	0.004570
2816	0.004570
2815	0.004570
2814	0.004570
2813	0.004570
2812	0.004570
2811	0.004570
2810	0.004570
2809	0.004570
2808	0.004570
2807	0.004570
2806	0.004570
2805	0.004570
2804	0.004570
2803	0.004570
2802	0.004570
2801	0.004570
2800	0.004570
2799	0.004570
2798	0.004570
2797	0.004570
2796	0.004570
2795	0.004570
2794	0.004570
2793	0.004570
2792	0.004570
2791	0.004570
2790	0.004570
2789	0.004570
2788	0.004570
2787	0.004570
2786	0.004570
2785	0.004570
2784	0.004570
2783	0.004570
2782	0.004570
2781	0.004570
2780	0.004570
2779	0.004570
2778	0.004570
2777	0.004570
2776	0.004570
2775	0.004570
2774	0.004570
2773	0.004570
2772	0.004570
2771	0.004570
2770	0.004570
2769	0.004570
2768	0.004570
2767	0.004570
2766	0.004570
2765	0.004570
2764	0.004570
2763	0.004570
2762	0.004570
2761	0.004570
2760	0.004570
2759	0.004570
2758	0.004570
2757	0.004570
2756	0.004570
2755	0.004570
2754	0.004570
2753	0.004570
2752	0.004570
2751	0.004570
2750	0.004570
2749	0.004570
2748	0.004570
2747	0.004570
2746	0.004570
2745	0.004570
2744	0.004570
2743	0.004570
2742	0.004570
2741	0.004570
2740	0.004570
2739	0.004570
2738	0.004570
2737	0.004570
2736	0.004570
2735	0.004570
2734	0.004570
2733	0.004570
2732	0.004570
2731	0.004570
2730	0.004570
2729	0.004570
2728	0.004570
2727	0.004570
2726	0.004570
2725	0.004570
2724	0.004570
2723	0.004570
2722	0.004570
2721	0.004570
2720	0.004570
2719	0.004570
2718	0.004570
2717	0.004570
2716	0.004570
2715	0.004570
2714	0.004570
2713	0.004570
2712	0.004570
2711	0.004570
2710	0.004570
2709	0.004570
2708	0.004570
2707	0.004570
2706	0.004570
2705	0.004570
2704	0.004570
2703	0.004570
2702	0.004570
2701	0.004570
2700	0.004570
2699	0.004570
2698	0.004570
2697	0.004570
2696	0.004570
2695	0.004570
2694	0.004570
2693	0.004570
2692	0.004570
2691	0.004570
2690	0.004570
2689	0.004570
2688	0.004570
2687	0.004570
2686	0.004570
2685	0.004570
2684	0.004570
2683	0.004570
2682	0.004570
2681	0.004570
2680	0.004570
2679	0.004570
2678	0.004570
2677	0.004570
2676	0.004570
2675	0.004570
2674	0.004570
2673	0.004570
2672	0.004570
2671	0.004570
2670	0.004570
2669	0.004570
2668	0.004570
2667	0.004570
2666	0.004570
2665	0.004570
2664	0.004570
2663	0.004570
2662	0.004570
2661	0.004570
2660	0.004570
2659	0.004570
2658	0.004570
2657	0.004570
2656	0.004570
2655	0.004570
2654	0.004570
2653	0.004570
2652	0.004570
2651	0.004570
2650	0.004570
2649	0.004570
2648	0.004570
2647	0.004570
2646	0.004570
2645	0.004570
2644	0.004570
2643	0.004570
2642	0.004570
2641	0.004570
2640	0.004570
2639	0.004570
2638	0.004570
2637	0.004570
2636	0.004570
2635	0.004570
2634	0.004570
2633	0.004570
2632	0.004570
2631	0.004570
2630	0.004570
2629	0.004570
2628	0.004570
2627	0.004570
2626	0.004570
2625	0.004570
2624	0.004570
2623	0.004570
2622	0.004570
2621	0.004570
2620	0.004570
2619	0.004570
2618	0.004570
2617	0.004570
2616	0.004570
2615	0.004570
2614	0.004570
2613	0.004570
2612	0.004570
2611	0.004570
2610	0.004570
2609	0.004570
2608	0.004570
2607	0.004570
2606	0.004570
2605	0.004570
2604	0.004570
2603	0.004570
2602	0.004570
2601	0.004570
2600	0.004570
2599	0.004570
2598	0.004570
2597	0.004570
2596	0.004570
2595	0.004570
2594	0.004570
2593	0.004570
2592	0.004570
2591	0.004570
2590	0.004570
2589	0.004570
2588	0.004570
2587	0.004570
2586	0.004570
2585	0.004570
2584	0.004570
2583	0.004570
2582	0.004570
2581	0.004570
2580	0.004570
2579	0.004570
2578	0.004570
2577	0.004570
2576	0.004570
2575	0.004570
2574	0.004570
2573	0.004570
2572	0.004570
2571	0.004570
2570	0.004570
2569	0.004570
2568	0.004570
2567	0.004570
2566	0.004570
2565	0.004570
2564	0.004570
2563	0.004570
2562	0.004570
2561	0.004570
2560	0.004570
2559	0.004570
2558	0.004570
2557	0.004570
2556	0.004570
2555	0.004570
2554	0.004570
2553	0.004570
2552	0.004570
2551	0.004570
2550	0.004570
2549	0.004570
2548	0.004570
2547	0.004570
2546	0.004570
2545	0.004570
2544	0.004570
2543	0.004570
2542	0.004570
2541	0.004570
2540	0.004570
2539	0.004570
2538	0.004570
2537	0.004570
2536	0.004570
2535	0.004570
2534	0.004570
2533	0.004570
2532	0.004570
2531	0.004570
2530	0.004570
2529	0.004570
2528	0.004570
2527	0.004570
2526	0.004570
2525	0.004570
2524	0.004570
2523	0.004570
2522	0.004570
2521	0.004570
2520	0.004570
2519	0.004570
2518	0.004570
2517	0.004570
2516	0.004570
2515	0.004570
2514	0.004570
2513	0.004570
2512	0.004570
2511	0.004570
2510	0.004570
2509	0.004570
2508	0.004570
2507	0.004570
2506	0.004570
2505	0.004570
2504	0.004570
2503	0.004570
2502	0.004570
2501	0.004570
2500	0.004570
2499	0.004568
2498	0.004565
2497	0.004563
2496	0.004561
2495	0.004558
2494	0.004556
2493	0.004554
2492	0.004551
2491	0.004549
2490	0.004547
2489	0.004544
2488	0.004542
2487	0.004540
2486	0.004537
2485	0.004535
2484	0.004533
2483	0.004530
2482	0.004528
2481	0.004526
2480	0.004524
2479	0.004521
2478	0.004519
2477	0.004517
2476	0.004514
2475	0.004512
2474	0.004510
2473	0.004507
2472	0.004505
2471	0.004503
2470	0.004500
2469	0.004498
2468	0.004496
2467	0.004493
2466	0.004491
2465	0.004489
2464	0.004486
2463	0.004484
2462	0.004482
2461	0.004480
2460	0.004477
2459	0.004475
2458	0.004473
2457	0.004470
2456	0.004468
2455	0.004466
2454	0.004463
2453	0.004461
2452	0.004459
2451	0.004456
2450	0.004454
2449	0.004452
2448	0.004449
2447	0.004447
2446	0.004445
2445	0.004442
2444	0.004440
2443	0.004438
2442	0.004435
2441	0.004433
2440	0.004431
2439	0.004429
2438	0.004426
2437	0.004424
2436	0.004422
2435	0.004419
2434	0.004417
2433	0.004415
2432	0.004412
2431	0.004410
2430	0.004408
2429	0.004405
2428	0.004403
2427	0.004401
2426	0.004398
2425	0.004396
2424	0.004394
2423	0.004391
2422	0.004389
2421	0.004387
2420	0.004385
2419	0.004382
2418	0.004380
2417	0.004378
2416	0.004375
2415	0.004373
2414	0.004371
2413	0.004368
2412	0.004366
2411	0.004364
2410	0.004361
2409	0.004359
2408	0.004357
2407	0.004354
2406	0.004352
2405	0.004350
2404	0.004347
2403	0.004345
2402	0.004343
2401	0.004340
2400	0.004338
2399	0.004336
2398	0.004334
2397	0.004331
2396	0.004329
2395	0.004327
2394	0.004324
2393	0.004322
2392	0.004320
2391	0.004317
2390	0.004315
2389	0.004313
2388	0.004310
2387	0.004308
2386	0.004306
2385	0.004303
2384	0.004301
2383	0.004299
2382	0.004296
2381	0.004294
2380	0.004292
2379	0.004289
2378	0.004287
2377	0.004285
2376	0.004283
2375	0.004280
2374	0.004278
2373	0.004276
2372	0.004273
2371	0.004271
2370	0.004269
2369	0.004266
2368	0.004264
2367	0.004262
2366	0.004259
2365	0.004257
2364	0.004255
2363	0.004252
2362	0.004250
2361	0.004248
2360	0.004245
2359	0.004243
2358	0.004241
2357	0.004239
2356	0.004236
2355	0.004234
2354	0.004232
2353	0.004229
2352	0.004227
2351	0.004225
2350	0.004222
2349	0.004220
2348	0.004218
2347	0.004215
2346	0.004213
2345	0.004211
2344	0.004208
2343	0.004206
2342	0.004204
2341	0.004201
2340	0.004199
2339	0.004197
2338	0.004194
2337	0.004192
2336	0.004190
2335	0.004188
2334	0.004185
2333	0.004183
2332	0.004181
2331	0.004178
2330	0.004176
2329	0.004174
2328	0.004171
2327	0.004169
2326	0.004167
2325	0.004164
2324	0.004162
2323	0.004160
2322	0.004157
2321	0.004155
2320	0.004153
2319	0.004150
2318	0.004148
2317	0.004146
2316	0.004143
2315	0.004141
2314	0.004139
2313	0.004137
2312	0.004134
2311	0.004132
2310	0.004130
2309	0.004127
2308	0.004125
2307	0.004123
2306	0.004120
2305	0.004118
2304	0.004116
2303	0.004113
2302	0.004111
2301	0.004109
2300	0.004106
2299	0.004104
2298	0.004102
2297	0.004099
2296	0.004097
2295	0.004095
2294	0.004093
2293	0.004090
2292	0.004088
2291	0.004086
2290	0.004083
2289	0.004081
2288	0.004079
2287	0.004076
2286	0.004074
2285	0.004072
2284	0.004069
2283	0.004067
2282	0.004065
2281	0.004062
2280	0.004060
2279	0.004058
2278	0.004055
2277	0.004053
2276	0.004051
2275	0.004048
2274	0.004046
2273	0.004044
2272	0.004042
2271	0.004039
2270	0.004037
2269	0.004035
2268	0.004032
2267	0.004030
2266	0.004028
2265	0.004025
2264	0.004023
2263	0.004021
2262	0.004018
2261	0.004016
2260	0.004014
2259	0.004011
2258	0.004009
2257	0.004007
2256	0.004004
2255	0.004002
2254	0.004000
2253	0.003997
2252	0.003995
2251	0.003993
2250	0.003991
2249	0.003988
2248	0.003986
2247	0.003984
2246	0.003981
2245	0.003979
2244	0.003977
2243	0.003974
2242	0.003972
2241	0.003970
2240	0.003967
2239	0.003965
2238	0.003963
2237	0.003960
2236	0.003958
2235	0.003956
2234	0.003953
2233	0.003951
2232	0.003949
2231	0.003947
2230	0.003944
2229	0.003942
2228	0.003940
2227	0.003937
2226	0.003935
2225	0.003933
2224	0.003930
2223	0.003928
2222	0.003926
2221	0.003923
2220	0.003921
2219	0.003919
2218	0.003916
2217	0.003914
2216	0.003912
2215	0.003909
2214	0.003907
2213	0.003905
2212	0.003902
2211	0.003900
2210	0.003898
2209	0.003896
2208	0.003893
2207	0.003891
2206	0.003889
2205	0.003886
2204	0.003884
2203	0.003882
2202	0.003879
2201	0.003877
2200	0.003875
2199	0.003872
2198	0.003870
2197	0.003868
2196	0.003865
2195	0.003863
2194	0.003861
2193	0.003858
2192	0.003856
2191	0.003854
2190	0.003852
2189	0.003849
2188	0.003847
2187	0.003845
2186	0.003842
2185	0.003840
2184	0.003838
2183	0.003835
2182	0.003833
2181	0.003831
2180	0.003828
2179	0.003826
2178	0.003824
2177	0.003821
2176	0.003819
2175	0.003817
2174	0.003814
2173	0.003812
2172	0.003810
2171	0.003807
2170	0.003805
2169	0.003803
2168	0.003801
2167	0.003798
2166	0.003796
2165	0.003794
2164	0.003791
2163	0.003789
2162	0.003787
2161	0.003784
2160	0.003782
2159	0.003780
2158	0.003777
2157	0.003775
2156	0.003773
2155	0.003770
2154	0.003768
2153	0.003766
2152	0.003763
2151	0.003763
2150	0.003763
2149	0.003763
2148	0.003763
2147	0.003763
2146	0.003763
2145	0.003763
2144	0.003763
2143	0.003763
2142	0.003763
2141	0.003763
2140	0.003763
2139	0.003763
2138	0.003763
2137	0.003763
2136	0.003763
2135	0.003763
2134	0.003763
2133	0.003763
2132	0.003763
2131	0.003763
2130	0.003763
2129	0.003763
2128	0.003763
2127	0.003763
2126	0.003763
2125	0.003763
2124	0.003763
2123	0.003763
2122	0.003763
2121	0.003763
2120	0.003763
2119	0.003763
2118	0.003763
2117	0.003763
2116	0.003763
2115	0.003763
2114	0.003763
2113	0.003763
2112	0.003763
2111	0.003763
2110	0.003763
2109	0.003763
2108	0.003763
2107	0.003763
2106	0.003763
2105	0.003763
2104	0.003763
2103	0.003763
2102	0.003763
2101	0.003763
2100	0.003763
2099	0.003763
2098	0.003763
2097	0.003763
2096	0.003763
2095	0.003763
2094	0.003763
2093	0.003763
2092	0.003763
2091	0.003763
2090	0.003763
2089	0.003763
2088	0.003763
2087	0.003763
2086	0.003763
2085	0.003763
2084	0.003763
2083	0.003763
2082	0.003763
2081	0.003763
2080	0.003763
2079	0.003763
2078	0.003763
2077	0.003763
2076	0.003763
2075	0.003763
2074	0.003763
2073	0.003763
2072	0.003763
2071	0.003763
2070	0.003763
2069	0.003763
2068	0.003763
2067	0.003763
2066	0.003763
2065	0.003763
2064	0.003763
2063	0.003763
2062	0.003763
2061	0.003763
2060	0.003763
2059	0.003763
2058	0.003763
2057	0.003763
2056	0.003763
2055	0.003763
2054	0.003763
2053	0.003763
2052	0.003763
2051	0.003763
2050	0.003763
2049	0.003763
2048	0.003763
2047	0.003763
2046	0.003763
2045	0.003763
2044	0.003763
2043	0.003763
2042	0.003763
2041	0.003763
2040	0.003763
2039	0.003763
2038	0.003763
2037	0.003763
2036	0.003763
2035	0.003763
2034	0.003763
2033	0.003763
2032	0.003763
2031	0.003763
2030	0.003763
2029	0.003763
2028	0.003763
2027	0.003763
2026	0.003763
2025	0.003763
2024	0.003763
2023	0.003763
2022	0.003763
2021	0.003763
2020	0.003763
2019	0.003763
2018	0.003763
2017	0.003763
2016	0.003763
2015	0.003763
2014	0.003763
2013	0.003763
2012	0.003763
2011	0.003763
2010	0.003763
2009	0.003763
2008	0.003763
2007	0.003763
2006	0.003763
2005	0.003763
2004	0.003763
2003	0.003763
2002	0.003763
2001	0.003763
2000	0.003763
1999	0.003763
1998	0.003763
1997	0.003763
1996	0.003763
1995	0.003763
1994	0.003763
1993	0.003763
1992	0.003763
1991	0.003763
1990	0.003763
1989	0.003763
1988	0.003763
1987	0.003763
1986	0.003763
1985	0.003763
1984	0.003763
1983	0.003763
1982	0.003763
1981	0.003763
1980	0.003763
1979	0.003763
1978	0.003763
1977	0.003763
1976	0.003763
1975	0.003763
1974	0.003763
1973	0.003763
1972	0.003763
1971	0.003763
1970	0.003763
1969	0.003763
1968	0.003763
1967	0.003763
1966	0.003763
1965	0.003763
1964	0.003763
1963	0.003763
1962	0.003763
1961	0.003763
1960	0.003763
1959	0.003763
1958	0.003763
1957	0.003763
1956	0.003763
1955	0.003763
1954	0.003763
1953	0.003763
1952	0.003763
1951	0.003763
1950	0.003763
1949	0.003763
1948	0.003763
1947	0.003763
1946	0.003763
1945	0.003763
1944	0.003763
1943	0.003763
1942	0.003763
1941	0.003763
1940	0.003763
1939	0.003763
1938	0.003763
1937	0.003763
1936	0.003763
1935	0.003763
1934	0.003763
1933	0.003763
1932	0.003763
1931	0.003763
1930	0.003763
1929	0.003763
1928	0.003763
1927	0.003763
1926	0.003763
1925	0.003763
1924	0.003763
1923	0.003763
1922	0.003763
1921	0.003763
1920	0.003763
1919	0.003763
1918	0.003763
1917	0.003763
1916	0.003763
1915	0.003763
1914	0.003763
1913	0.003763
1912	0.003763
1911	0.003763
1910	0.003763
1909	0.003763
1908	0.003763
1907	0.003763
1906	0.003763
1905	0.003763
1904	0.003763
1903	0.003763
1902	0.003763
1901	0.003763
1900	0.003763
1899	0.003763
1898	0.003763
1897	0.003763
1896	0.003763
1895	0.003763
1894	0.003763
1893	0.003763
1892	0.003763
1891	0.003763
1890	0.003763
1889	0.003763
1888	0.003763
1887	0.003763
1886	0.003763
1885	0.003763
1884	0.003763
1883	0.003763
1882	0.003763
1881	0.003763
1880	0.003763
1879	0.003763
1878	0.003763
1877	0.003763
1876	0.003763
1875	0.003763
1874	0.003763
1873	0.003763
1872	0.003763
1871	0.003763
1870	0.003763
1869	0.003763
1868	0.003763
1867	0.003763
1866	0.003763
1865	0.003763
1864	0.003763
1863	0.003763
1862	0.003763
1861	0.003763
1860	0.003763
1859	0.003763
1858	0.003763
1857	0.003763
1856	0.003763
1855	0.003763
1854	0.003763
1853	0.003763
1852	0.003763
1851	0.003763
1850	0.003763
1849	0.003763
1848	0.003763
1847	0.003763
1846	0.003763
1845	0.003763
1844	0.003763
1843	0.003763
1842	0.003763
1841	0.003763
1840	0.003763
1839	0.003763
1838	0.003763
1837	0.003763
1836	0.003763
1835	0.003763
1834	0.003763
1833	0.003763
1832	0.003763
1831	0.003763
1830	0.003763
1829	0.003763
1828	0.003763
1827	0.003763
1826	0.003763
1825	0.003763
1824	0.003763
1823	0.003763
1822	0.003763
1821	0.003763
1820	0.003763
1819	0.003763
1818	0.003763
1817	0.003763
1816	0.003763
1815	0.003763
1814	0.003763
1813	0.003763
1812	0.003763
1811	0.003763
1810	0.003763
1809	0.003763
1808	0.003763
1807	0.003763
1806	0.003763
1805	0.003763
1804	0.003763
1803	0.003763
1802	0.003763
1801	0.003763
1800	0.003763
1799	0.003763
1798	0.003763
1797	0.003763
1796	0.003763
1795	0.003763
1794	0.003763
1793	0.003763
1792	0.003763
1791	0.003763
1790	0.003763
1789	0.003763
1788	0.003763
1787	0.003763
1786	0.003763
1785	0.003763
1784	0.003763
1783	0.003763
1782	0.003763
1781	0.003763
1780	0.003763
1779	0.003763
1778	0.003763
1777	0.003763
1776	0.003763
1775	0.003763
1774	0.003763
1773	0.003763
1772	0.003763
1771	0.003763
1770	0.003763
1769	0.003763
1768	0.003763
1767	0.003763
1766	0.003763
1765	0.003763
1764	0.003763
1763	0.003763
1762	0.003763
1761	0.003763
1760	0.003763
1759	0.003763
1758	0.003763
1757	0.003763
1756	0.003763
1755	0.003763
1754	0.003763
1753	0.003763
1752	0.003763
1751	0.003763
1750	0.003763
1749	0.003763
1748	0.003763
1747	0.003763
1746	0.003763
1745	0.003763
1744	0.003763
1743	0.003763
1742	0.003763
1741	0.003763
1740	0.003763
1739	0.003763
1738	0.003763
1737	0.003763
1736	0.003763
1735	0.003763
1734	0.003763
1733	0.003763
1732	0.003763
1731	0.003763
1730	0.003763
1729	0.003765
1728	0.003766
1727	0.003767
1726	0.003768
1725	0.003769
1724	0.003771
1723	0.003772
1722	0.003773
1721	0.003774
1720	0.003775
1719	0.003776
1718	0.003778
1717	0.003779
1716	0.003780
1715	0.003781
1714	0.003782
1713	0.003784
1712	0.003785
1711	0.003786
1710	0.003787
1709	0.003788
1708	0.003789
1707	0.003791
1706	0.003792
1705	0.003793
1704	0.003794
1703	0.003795
1702	0.003797
1701	0.003798
1700	0.003799
1699	0.003800
1698	0.003801
1697	0.003802
1696	0.003804
1695	0.003805
1694	0.003806
1693	0.003807
1692	0.003808
1691	0.003810
1690	0.003811
1689	0.003812
1688	0.003813
1687	0.003814
1686	0.003815
1685	0.003817
1684	0.003818
1683	0.003819
1682	0.003820
1681	0.003821
1680	0.003823
1679	0.003824
1678	0.003825
1677	0.003826
1676	0.003827
1675	0.003828
1674	0.003830
1673	0.003831
1672	0.003832
1671	0.003833
1670	0.003834
1669	0.003836
1668	0.003837
1667	0.003838
1666	0.003839
1665	0.003840
1664	0.003841
1663	0.003843
1662	0.003844
1661	0.003845
1660	0.003846
1659	0.003847
1658	0.003849
1657	0.003850
1656	0.003851
1655	0.003852
1654	0.003853
1653	0.003854
1652	0.003856
1651	0.003857
1650	0.003858
1649	0.003859
1648	0.003860
1647	0.003862
1646	0.003863
1645	0.003864
1644	0.003865
1643	0.003866
1642	0.003867
1641	0.003869
1640	0.003870
1639	0.003871
1638	0.003872
1637	0.003873
1636	0.003875
1635	0.003876
1634	0.003877
1633	0.003878
1632	0.003879
1631	0.003880
1630	0.003882
1629	0.003883
1628	0.003884
1627	0.003885
1626	0.003886
1625	0.003888
1624	0.003889
1623	0.003890
1622	0.003891
1621	0.003892
1620	0.003893
1619	0.003895
1618	0.003896
1617	0.003897
1616	0.003898
1615	0.003899
1614	0.003901
1613	0.003902
1612	0.003903
1611	0.003904
1610	0.003905
1609	0.003906
1608	0.003908
1607	0.003909
1606	0.003910
1605	0.003911
1604	0.003912
1603	0.003914
1602	0.003915
1601	0.003916
1600	0.003917
1599	0.003918
1598	0.003919
1597	0.003921
1596	0.003922
1595	0.003923
1594	0.003924
1593	0.003925
1592	0.003927
1591	0.003928
1590	0.003929
1589	0.003930
1588	0.003931
1587	0.003932
1586	0.003934
1585	0.003935
1584	0.003936
1583	0.003937
1582	0.003938
1581	0.003940
1580	0.003941
1579	0.003942
1578	0.003943
1577	0.003944
1576	0.003945
1575	0.003947
1574	0.003948
1573	0.003949
1572	0.003950
1571	0.003951
1570	0.003953
1569	0.003954
1568	0.003955
1567	0.003956
1566	0.003957
1565	0.003958
1564	0.003960
1563	0.003961
1562	0.003962
1561	0.003963
1560	0.003964
1559	0.003966
1558	0.003967
1557	0.003968
1556	0.003969
1555	0.003970
1554	0.003971
1553	0.003973
1552	0.003974
1551	0.003975
1550	0.003976
1549	0.003977
1548	0.003979
1547	0.003980
1546	0.003981
1545	0.003982
1544	0.003983
1543	0.003984
1542	0.003986
1541	0.003987
1540	0.003988
1539	0.003989
1538	0.003990
1537	0.003992
1536	0.003993
1535	0.003994
1534	0.003995
1533	0.003996
1532	0.003997
1531	0.003999
1530	0.004000
1529	0.004001
1528	0.004002
1527	0.004003
1526	0.004005
1525	0.004006
1524	0.004007
1523	0.004008
1522	0.004009
1521	0.004010
1520	0.004012
1519	0.004013
1518	0.004014
1517	0.004015
1516	0.004016
1515	0.004018
1514	0.004019
1513	0.004020
1512	0.004021
1511	0.004022
1510	0.004023
1509	0.004025
1508	0.004026
1507	0.004027
1506	0.004028
1505	0.004029
1504	0.004031
1503	0.004032
1502	0.004033
1501	0.004034
1500	0.004035
1499	0.004036
1498	0.004038
1497	0.004039
1496	0.004040
1495	0.004041
1494	0.004042
1493	0.004044
1492	0.004045
1491	0.004046
1490	0.004047
1489	0.004048
1488	0.004049
1487	0.004051
1486	0.004052
1485	0.004053
1484	0.004054
1483	0.004055
1482	0.004057
1481	0.004058
1480	0.004059
1479	0.004060
1478	0.004061
1477	0.004062
1476	0.004064
1475	0.004065
1474	0.004066
1473	0.004067
1472	0.004068
1471	0.004070
1470	0.004071
1469	0.004072
1468	0.004073
1467	0.004074
1466	0.004075
1465	0.004077
1464	0.004078
1463	0.004079
1462	0.004080
1461	0.004081
1460	0.004083
1459	0.004084
1458	0.004085
1457	0.004086
1456	0.004087
1455	0.004088
1454	0.004090
1453	0.004091
1452	0.004092
1451	0.004093
1450	0.004094
1449	0.004096
1448	0.004097
1447	0.004098
1446	0.004099
1445	0.004100
1444	0.004101
1443	0.004103
1442	0.004104
1441	0.004105
1440	0.004106
1439	0.004107
1438	0.004109
1437	0.004110
1436	0.004111
1435	0.004112
1434	0.004113
1433	0.004114
1432	0.004116
1431	0.004117
1430	0.004118
1429	0.004119
1428	0.004120
1427	0.004122
1426	0.004123
1425	0.004124
1424	0.004125
1423	0.004126
1422	0.004127
1421	0.004129
1420	0.004130
1419	0.004131
1418	0.004132
1417	0.004133
1416	0.004135
1415	0.004136
1414	0.004137
1413	0.004138
1412	0.004139
1411	0.004140
1410	0.004142
1409	0.004143
1408	0.004144
1407	0.004145
1406	0.004146
1405	0.004148
1404	0.004149
1403	0.004150
1402	0.004151
1401	0.004152
1400	0.004153
1399	0.004155
1398	0.004156
1397	0.004157
1396	0.004158
1395	0.004159
1394	0.004161
1393	0.004162
1392	0.004163
1391	0.004164
1390	0.004165
1389	0.004166
1388	0.004168
1387	0.004169
1386	0.004170
1385	0.004171
1384	0.004172
1383	0.004174
1382	0.004175
1381	0.004176
1380	0.004177
1379	0.004178
1378	0.004179
1377	0.004181
1376	0.004182
1375	0.004183
1374	0.004184
1373	0.004185
1372	0.004187
1371	0.004188
1370	0.004189
1369	0.004190
1368	0.004191
1367	0.004193
1366	0.004194
1365	0.004195
1364	0.004196
1363	0.004197
1362	0.004198
1361	0.004200
1360	0.004201
1359	0.004202
1358	0.004203
1357	0.004204
1356	0.004206
1355	0.004207
1354	0.004208
1353	0.004209
1352	0.004210
1351	0.004211
1350	0.004213
1349	0.004214
1348	0.004215
1347	0.004216
1346	0.004217
1345	0.004219
1344	0.004220
1343	0.004221
1342	0.004222
1341	0.004223
1340	0.004224
1339	0.004226
1338	0.004227
1337	0.004228
1336	0.004229
1335	0.004230
1334	0.004232
1333	0.004233
1332	0.004234
1331	0.004234
1330	0.004234
1329	0.004234
1328	0.004234
1327	0.004234
1326	0.004234
1325	0.004234
1324	0.004234
1323	0.004234
1322	0.004234
1321	0.004234
1320	0.004234
1319	0.004234
1318	0.004234
1317	0.004234
1316	0.004234
1315	0.004234
1314	0.004234
1313	0.004234
1312	0.004234
1311	0.004234
1310	0.004234
1309	0.004234
1308	0.004234
1307	0.004234
1306	0.004234
1305	0.004234
1304	0.004234
1303	0.004234
1302	0.004234
1301	0.004234
1300	0.004234
1299	0.004234
1298	0.004234
1297	0.004234
1296	0.004234
1295	0.004234
1294	0.004234
1293	0.004234
1292	0.004234
1291	0.004234
1290	0.004234
1289	0.004234
1288	0.004234
1287	0.004234
1286	0.004234
1285	0.004234
1284	0.004234
1283	0.004234
1282	0.004234
1281	0.004234
1280	0.004234
1279	0.004234
1278	0.004234
1277	0.004234
1276	0.004234
1275	0.004234
1274	0.004234
1273	0.004234
1272	0.004234
1271	0.004234
1270	0.004234
1269	0.004234
1268	0.004234
1267	0.004234
1266	0.004234
1265	0.004234
1264	0.004234
1263	0.004234
1262	0.004234
1261	0.004234
1260	0.004234
1259	0.004234
1258	0.004234
1257	0.004234
1256	0.004234
1255	0.004234
1254	0.004234
1253	0.004234
1252	0.004234
1251	0.004234
1250	0.004234
1249	0.004234
1248	0.004234
1247	0.004234
1246	0.004234
1245	0.004234
1244	0.004234
1243	0.004234
1242	0.004234
1241	0.004234
1240	0.004234
1239	0.004234
1238	0.004234
1237	0.004234
1236	0.004234
1235	0.004234
1234	0.004234
1233	0.004234
1232	0.004234
1231	0.004234
1230	0.004234
1229	0.004234
1228	0.004234
1227	0.004234
1226	0.004234
1225	0.004234
1224	0.004234
1223	0.004234
1222	0.004234
1221	0.004234
1220	0.004234
1219	0.004234
1218	0.004234
1217	0.004234
1216	0.004234
1215	0.004234
1214	0.004234
1213	0.004234
1212	0.004234
1211	0.004234
1210	0.004234
1209	0.004234
1208	0.004234
1207	0.004234
1206	0.004234
1205	0.004234
1204	0.004234
1203	0.004234
1202	0.004234
1201	0.004234
1200	0.004234
1199	0.004234
1198	0.004234
1197	0.004234
1196	0.004234
1195	0.004234
1194	0.004234
1193	0.004234
1192	0.004234
1191	0.004234
1190	0.004234
1189	0.004234
1188	0.004234
1187	0.004234
1186	0.004234
1185	0.004234
1184	0.004234
1183	0.004234
1182	0.004234
1181	0.004234
1180	0.004234
1179	0.004234
1178	0.004234
1177	0.004234
1176	0.004234
1175	0.004234
1174	0.004234
1173	0.004234
1172	0.004234
1171	0.004234
1170	0.004234
1169	0.004234
1168	0.004234
1167	0.004234
1166	0.004234
1165	0.004234
1164	0.004234
1163	0.004234
1162	0.004234
1161	0.004234
1160	0.004234
1159	0.004234
1158	0.004234
1157	0.004234
1156	0.004234
1155	0.004234
1154	0.004234
1153	0.004234
1152	0.004234
1151	0.004234
1150	0.004234
1149	0.004234
1148	0.004234
1147	0.004234
1146	0.004234
1145	0.004234
1144	0.004234
1143	0.004234
1142	0.004234
1141	0.004234
1140	0.004234
1139	0.004234
1138	0.004234
1137	0.004234
1136	0.004234
1135	0.004234
1134	0.004234
1133	0.004234
1132	0.004234
1131	0.004234
1130	0.004234
1129	0.004234
1128	0.004234
1127	0.004234
1126	0.004234
1125	0.004234
1124	0.004234
1123	0.004234
1122	0.004234
1121	0.004234
1120	0.004234
1119	0.004234
1118	0.004234
1117	0.004234
1116	0.004234
1115	0.004234
1114	0.004234
1113	0.004234
1112	0.004234
1111	0.004234
1110	0.004234
1109	0.004234
1108	0.004234
1107	0.004234
1106	0.004234
1105	0.004234
1104	0.004234
1103	0.004234
1102	0.004234
1101	0.004234
1100	0.004234
1099	0.004234
1098	0.004234
1097	0.004234
1096	0.004234
1095	0.004234
1094	0.004234
1093	0.004234
1092	0.004234
1091	0.004234
1090	0.004234
1089	0.004234
1088	0.004234
1087	0.004234
1086	0.004234
1085	0.004234
1084	0.004234
1083	0.004234
1082	0.004234
1081	0.004234
1080	0.004234
1079	0.004234
1078	0.004234
1077	0.004234
1076	0.004234
1075	0.004234
1074	0.004234
1073	0.004234
1072	0.004234
1071	0.004234
1070	0.004234
1069	0.004234
1068	0.004234
1067	0.004234
1066	0.004234
1065	0.004234
1064	0.004234
1063	0.004234
1062	0.004234
1061	0.004234
1060	0.004234
1059	0.004234
1058	0.004234
1057	0.004234
1056	0.004234
1055	0.004234
1054	0.004234
1053	0.004234
1052	0.004234
1051	0.004234
1050	0.004234
1049	0.004234
1048	0.004234
1047	0.004234
1046	0.004234
1045	0.004234
1044	0.004234
1043	0.004234
1042	0.004268
1041	0.004302
1040	0.004337
1039	0.004371
1038	0.004405
1037	0.004439
1036	0.004474
1035	0.004508
1034	0.004542
1033	0.004576
1032	0.004610
1031	0.004645
1030	0.004679
1029	0.004713
1028	0.004747
1027	0.004782
1026	0.004816
1025	0.004850
1024	0.004884
1023	0.004919
1022	0.004953
1021	0.004987
1020	0.005021
1019	0.005056
1018	0.005090
1017	0.005124
1016	0.005158
1015	0.005192
1014	0.005227
1013	0.005261
1012	0.005295
1011	0.005329
1010	0.005364
1009	0.005398
1008	0.005432
1007	0.005466
1006	0.005501
1005	0.005535
1004	0.005569
1003	0.005603
1002	0.005638
1001	0.005672
1000	0.005706
999	0.005740
998	0.005774
997	0.005809
996	0.005843
995	0.005877
994	0.005911
993	0.005946
992	0.005980
991	0.006014
990	0.006048
989	0.006048
988	0.006048
987	0.006048
986	0.006048
985	0.006048
984	0.006048
983	0.006048
982	0.006048
981	0.006048
980	0.006048
979	0.006048
978	0.006048
977	0.006048
976	0.006048
975	0.006048
974	0.006048
973	0.006048
972	0.006048
971	0.006048
970	0.006048
969	0.006048
968	0.006048
967	0.006048
966	0.006048
965	0.006048
964	0.006048
963	0.006048
962	0.006048
961	0.006048
960	0.006048
959	0.006048
958	0.006048
957	0.006048
956	0.006048
955	0.006048
954	0.006048
953	0.006048
952	0.006048
951	0.006048
950	0.006048
949	0.006048
948	0.006048
947	0.006048
946	0.006048
945	0.006048
944	0.006048
943	0.006048
942	0.006048
941	0.006048
940	0.006048
939	0.006048
938	0.006048
937	0.006048
936	0.006048
935	0.006048
934	0.006048
933	0.006048
932	0.006048
931	0.006048
930	0.006048
929	0.006048
928	0.006048
927	0.006048
926	0.006048
925	0.006048
924	0.006048
923	0.006048
922	0.006048
921	0.006048
920	0.006048
919	0.006048
918	0.006048
917	0.006048
916	0.006048
915	0.006048
914	0.006048
913	0.006048
912	0.006048
911	0.006048
910	0.006048
909	0.006048
908	0.006048
907	0.006048
906	0.006048
905	0.006048
904	0.006048
903	0.006048
902	0.006048
901	0.006048
900	0.006048
899	0.006048
898	0.006048
897	0.006048
896	0.006048
895	0.006048
894	0.006048
893	0.006048
892	0.006048
891	0.006048
890	0.006048
889	0.006048
888	0.006048
887	0.006048
886	0.006048
885	0.006048
884	0.006048
883	0.006048
882	0.006048
881	0.006048
880	0.006048
879	0.006048
878	0.006048
877	0.006048
876	0.006048
875	0.006048
874	0.006048
873	0.006048
872	0.006048
871	0.006048
870	0.006048
869	0.006048
868	0.006048
867	0.006048
866	0.006048
865	0.006048
864	0.006048
863	0.006048
862	0.006048
861	0.006048
860	0.006048
859	0.006048
858	0.006048
857	0.006048
856	0.006048
855	0.006048
854	0.006048
853	0.006048
852	0.006048
851	0.006048
850	0.006048
849	0.006048
848	0.006048
847	0.006048
846	0.006048
845	0.006048
844	0.006048
843	0.006048
842	0.006048
841	0.006048
840	0.006048
839	0.006048
838	0.006048
837	0.006048
836	0.006048
835	0.006048
834	0.006048
833	0.006048
832	0.006048
831	0.006048
830	0.006048
829	0.006048
828	0.006048
827	0.006048
826	0.006048
825	0.006048
824	0.006048
823	0.006048
822	0.006048
821	0.006048
820	0.006048
819	0.006048
818	0.006048
817	0.006048
816	0.006048
815	0.006048
814	0.006048
813	0.006048
812	0.006048
811	0.006048
810	0.006048
809	0.006048
808	0.006048
807	0.006048
806	0.006048
805	0.006048
804	0.006048
803	0.006048
802	0.006048
801	0.006048
800	0.006048
799	0.006048
798	0.006048
797	0.006048
796	0.006048
795	0.006048
794	0.006048
793	0.006048
792	0.006048
791	0.006048
790	0.006048
789	0.006048
788	0.006048
787	0.006048
786	0.006048
785	0.006048
784	0.006048
783	0.006048
782	0.006048
781	0.006048
780	0.006048
779	0.006048
778	0.006048
777	0.006048
776	0.006048
775	0.006048
774	0.006048
773	0.006048
772	0.006048
771	0.006048
770	0.006048
769	0.006048
768	0.006048
767	0.006048
766	0.006048
765	0.006048
764	0.006048
763	0.006048
762	0.006048
761	0.006048
760	0.006048
759	0.006048
758	0.006048
757	0.006048
756	0.006048
755	0.006048
754	0.006048
753	0.006048
752	0.006048
751	0.006048
750	0.006048
749	0.006048
748	0.006048
747	0.006048
746	0.006048
745	0.006048
744	0.006048
743	0.006048
742	0.006048
741	0.006048
740	0.006048
739	0.006048
738	0.006048
737	0.006048
736	0.006048
735	0.006048
734	0.006048
733	0.006048
732	0.006048
731	0.006048
730	0.006048
729	0.006048
728	0.006048
727	0.006048
726	0.006048
725	0.006048
724	0.006048
723	0.006048
722	0.006048
721	0.006048
720	0.006048
719	0.006048
718	0.006048
717	0.006048
716	0.006048
715	0.006048
714	0.006048
713	0.006048
712	0.006048
711	0.006048
710	0.006048
709	0.006048
708	0.006048
707	0.006048
706	0.006048
705	0.006048
704	0.006048
703	0.006048
702	0.006048
701	0.006048
700	0.006048
699	0.006048
698	0.006048
697	0.006048
696	0.006048
695	0.006048
694	0.006048
693	0.006048
692	0.006048
691	0.006048
690	0.006048
689	0.006048
688	0.006048
687	0.006048
686	0.006048
685	0.006048
684	0.006048
683	0.006048
682	0.006048
681	0.006048
680	0.006048
679	0.006048
678	0.006048
677	0.006048
676	0.006048
675	0.006048
674	0.006048
673	0.002285
672	0.002285
671	0.002285
670	0.002285
669	0.002285
668	0.002285
667	0.002285
666	0.002285
665	0.002285
664	0.002285
663	0.002285
662	0.002285
661	0.002285
660	0.002285
659	0.002285
658	0.002285
657	0.002285
656	0.002285
655	0.002285
654	0.002285
653	0.002285
652	0.002285
651	0.002285
650	0.002285
649	0.002285
648	0.002285
647	0.002285
646	0.002285
645	0.002285
644	0.002285
643	0.002285
642	0.002285
641	0.002285
640	0.002285
639	0.002285
638	0.002285
637	0.002285
636	0.002285
635	0.002285
634	0.002285
633	0.002285
632	0.002285
631	0.002285
630	0.002285
629	0.002285
628	0.002285
627	0.002285
626	0.002285
625	0.002285
624	0.002285
623	0.002285
622	0.002285
621	0.002285
620	0.002285
619	0.002285
618	0.002285
617	0.002285
616	0.002285
615	0.002285
614	0.002285
613	0.002285
612	0.002285
611	0.002285
610	0.002285
609	0.002285
608	0.002285
607	0.002285
606	0.002285
605	0.002285
604	0.002285
603	0.002285
602	0.002285
601	0.002285
600	0.002285
599	0.002285
598	0.002285
597	0.002285
596	0.002285
595	0.002285
594	0.002285
593	0.002285
592	0.002285
591	0.002285
590	0.002285
589	0.002285
588	0.002285
587	0.002285
586	0.002285
585	0.002285
584	0.002285
583	0.002285
582	0.002285
581	0.016129
580	0.016129
579	0.016129
578	0.016129
577	0.016129
576	0.016129
575	0.016129
574	0.016129
573	0.016129
572	0.016129
571	0.016129
570	0.016129
569	0.016129
568	0.016129
567	0.016129
566	0.016129
565	0.016129
564	0.016129
563	0.016129
562	0.016129
561	0.016129
560	0.016129
559	0.016129
558	0.016129
557	0.016129
556	0.016129
555	0.016129
554	0.016129
553	0.016129
552	0.016129
551	0.016129
550	0.016129
549	0.016129
548	0.016129
547	0.016129
546	0.016129
545	0.016129
544	0.016129
543	0.016129
542	0.016129
541	0.016129
540	0.016129
539	0.016129
538	0.016129
537	0.016129
536	0.016129
535	0.016129
534	0.016129
533	0.016129
532	0.016129
531	0.016129
530	0.016129
529	0.016129
528	0.016129
527	0.016129
526	0.016129
525	0.016129
524	0.016129
523	0.016129
522	0.016129
521	0.016129
520	0.016129
519	0.016129
518	0.016129
517	0.016129
516	0.016129
515	0.016129
514	0.016129
513	0.016129
512	0.016129
511	0.016129
510	0.016129
509	0.016129
508	0.016129
507	0.016129
506	0.016129
505	0.016129
504	0.016129
503	0.016129
502	0.016129
501	0.016129
500	0.016129
499	0.016129
498	0.016129
497	0.016129
496	0.016129
495	0.016129
494	0.016129
493	0.016129
492	0.016129
491	0.016129
490	0.016129
489	0.016129
488	0.016129
487	0.016129
486	0.016129
485	0.016129
484	0.016129
483	0.016129
482	0.016129
481	0.016129
480	0.016129
479	0.016129
478	0.016129
477	0.016129
476	0.016129
475	0.016129
474	0.016129
473	0.016129
472	0.016129
471	0.016129
470	0.016129
469	0.016129
468	0.016129
467	0.016129
466	0.016129
465	0.016129
464	0.016129
463	0.016129
462	0.016129
461	0.016129
460	0.016129
459	0.016129
458	0.016129
457	0.016129
456	0.016129
455	0.016129
454	0.016129
453	0.016129
452	0.016129
451	0.016129
450	0.016129
449	0.016129
448	0.016129
447	0.016129
446	0.016129
445	0.016129
444	0.016129
443	0.016129
442	0.016129
441	0.016129
440	0.016129
439	0.016129
438	0.016129
437	0.016129
436	0.016129
435	0.016129
434	0.016129
433	0.016129
432	0.016129
431	0.016129
430	0.016129
429	0.016129
428	0.016129
427	0.016129
426	0.016129
425	0.016129
424	0.016129
423	0.016129
422	0.016129
421	0.016129
420	0.016129
419	0.016129
418	0.016129
417	0.016129
416	0.016129
415	0.016129
414	0.016129
413	0.016129
412	0.016129
411	0.016129
410	0.016129
409	0.016129
408	0.016129
407	0.016129
406	0.016129
405	0.016129
404	0.016129
403	0.016129
402	0.016129
401	0.016129
400	0.016129
399	0.016129
398	0.016129
397	0.016129
396	0.016129
395	0.016129
394	0.016129
393	0.016129
392	0.016129
391	0.016129
390	0.016129
389	0.016129
388	0.016129
387	0.016129
386	0.016129
385	0.016129
384	0.016129
383	0.016129
382	0.016129
381	0.016129
380	0.016129
379	0.016129
378	0.016129
377	0.016129
376	0.016129
375	0.016129
374	0.016129
373	0.016129
372	0.016129
371	0.016129
370	0.016129
369	0.016129
368	0.016129
367	0.016129
366	0.016129
365	0.016129
364	0.016129
363	0.016129
362	0.016129
361	0.016129
360	0.016129
359	0.016129
358	0.016129
357	0.016129
356	0.016129
355	0.016129
354	0.016129
353	0.016129
352	0.016129
351	0.016129
350	0.016129
349	0.016129
348	0.016129
347	0.016129
346	0.016129
345	0.016129
344	0.016129
343	0.016129
342	0.016129
341	0.016129
340	0.016129
339	0.016129
338	0.016129
337	0.016129
336	0.016129
335	0.016129
334	0.016129
333	0.016129
332	0.016129
331	0.016129
330	0.016129
329	0.016129
328	0.016129
327	0.016129
326	0.016129
325	0.016129
324	0.016129
323	0.016129
322	0.016129
321	0.016129
320	0.016129
319	0.016129
318	0.016129
317	0.016129
316	0.016129
315	0.016129
314	0.016129
313	0.016129
312	0.016129
311	0.016129
310	0.016129
309	0.016129
308	0.016129
307	0.016129
306	0.016129
305	0.020833
304	0.020833
303	0.020833
302	0.020833
301	0.020833
300	0.020833
299	0.020833
298	0.020833
297	0.020833
296	0.020833
295	0.020833
294	0.020833
293	0.020833
292	0.020833
291	0.020833
290	0.020833
289	0.020833
288	0.020833
287	0.020833
286	0.020833
285	0.020833
284	0.020833
283	0.020833
282	0.020833
281	0.020833
280	0.020833
279	0.020833
278	0.020833
277	0.020833
276	0.020833
275	0.020833
274	0.020833
273	0.020833
272	0.020833
271	0.020833
270	0.020833
269	0.020833
268	0.020833
267	0.020833
266	0.020833
265	0.020833
264	0.020833
263	0.020833
262	0.020833
261	0.020833
260	0.020833
259	0.020833
258	0.020833
257	0.020833
256	0.020833
255	0.020833
254	0.020833
253	0.020833
252	0.020833
251	0.020833
250	0.020833
249	0.020833
248	0.020833
247	0.020833
246	0.020833
245	0.020833
244	0.020833
243	0.020833
242	0.020833
241	0.020833
240	0.020833
239	0.020833
238	0.020833
237	0.020833
236	0.020833
235	0.020833
234	0.020833
233	0.020833
232	0.020833
231	0.020833
230	0.020833
229	0.020833
228	0.020833
227	0.020833
226	0.020833
225	0.020833
224	0.020833
223	0.020833
222	0.020833
221	0.020833
220	0.020833
219	0.020833
218	0.020833
217	0.020833
216	0.020833
215	0.020833
214	0.020833
213	0.020833
212	0.020833
211	0.020833
210	0.020833
209	0.020833
208	0.020833
207	0.020833
206	0.020833
205	0.020833
204	0.020833
203	0.020833
202	0.020833
201	0.020833
200	0.020833
199	0.020833
198	0.020833
197	0.020833
196	0.020833
195	0.020833
194	0.020833
193	0.020833
192	0.020833
191	0.020833
190	0.020833
189	0.020833
188	0.020833
187	0.020833
186	0.020833
185	0.020833
184	0.020833
183	0.020833
182	0.020833
181	0.020833
180	0.020833
179	0.020833
178	0.020833
177	0.020833
176	0.020833
175	0.020833
174	0.020833
173	0.020833
172	0.020833
171	0.020833
170	0.020833
169	0.020833
168	0.020833
167	0.020833
166	0.020833
165	0.020833
164	0.020833
163	0.020833
162	0.020833
161	0.020833
160	0.020833
159	0.020833
158	0.020833
157	0.020833
156	0.020833
155	0.020833
154	0.020833
153	0.020833
152	0.020833
151	0.020833
150	0.020833
149	0.020833
148	0.020833
147	0.020833
146	0.020833
145	0.020833
144	0.020833
143	0.020833
142	0.020833
141	0.020833
140	0.020833
139	0.020833
138	0.020833
137	0.020833
136	0.020833
135	0.020833
134	0.020833
133	0.020833
132	0.020833
131	0.020833
130	0.020833
129	0.020833
128	0.020833
127	0.020833
126	0.020833
125	0.020833
124	0.020833
123	0.020833
122	0.020833
121	0.020833
120	0.020833
119	0.020833
118	0.020833
117	0.020833
116	0.020833
115	0.020833
114	0.020833
113	0.020833
112	0.020833
111	0.020833
110	0.020833
109	0.020833
108	0.020833
107	0.020833
106	0.020833
105	0.020833
104	0.020833
103	0.020833
102	0.020833
101	0.020833
100	0.020833
99	0.020833
98	0.020833
97	0.020833
96	0.020833
95	0.020833
94	0.020833
93	0.020833
92	0.020833
91	0.020833
90	0.020833
89	0.020833
88	0.020833
87	0.020833
86	0.020833
85	0.020833
84	0.020833
83	0.020833
82	0.020833
81	0.020833
80	0.020833
79	0.020833
78	0.020833
77	0.020833
76	0.020833
75	0.020833
74	0.020833
73	0.020833
72	0.020833
71	0.020833
70	0.020833
69	0.020833
68	0.020833
67	0.020833
66	0.020833
65	0.020833
64	0.020833
63	0.020833
62	0.020833
61	0.020833
60	0.020833
59	0.020833
58	0.020833
57	0.020833
56	0.020833
55	0.020833
54	0.020833
53	0.020833
52	0.020833
51	0.020833
50	0.020833
49	0.020833
48	0.020833
47	0.020833
46	0.020833
45	0.020833
44	0.020833
43	0.020833
42	0.020833
41	0.020833
40	0.020833
39	0.020833
38	0.035484
37	0.035484
36	0.035484
35	0.035484
34	0.035484
33	0.035484
32	0.035484
31	0.035484
30	0.035484
29	0.035484
28	0.035484
27	0.035484
26	0.035484
25	0.035484
24	0.035484
23	0.035484
22	0.035484
21	0.035484
20	0.035484
19	0.035484
18	0.035484
17	0.035484
16	0.035484
15	0.035484
14	0.035484
13	0.035484
12	0.035484
11	0.035484
10	0.035484
9	0.035484
8	0.035484
7	0.035484
6	0.035484
5	0.035484
4	0.035484
3	0.035484
2	0.035484
1	0.035484
0	0.035484
